2016-04-05 00:00:00+00:00,-0.010144569799577008
2016-04-06 00:00:00+00:00,0.010507683957812652
2016-04-07 00:00:00+00:00,-0.011975845083371128
2016-04-08 00:00:00+00:00,0.0027866066574921966
2016-04-11 00:00:00+00:00,-0.002739792928306284
2016-04-12 00:00:00+00:00,0.00966214330138726
2016-04-13 00:00:00+00:00,0.010040160642570406
2016-04-14 00:00:00+00:00,0.00017287578874580767
2016-04-15 00:00:00+00:00,-0.00098426141983321
2016-04-18 00:00:00+00:00,0.006540973600611455
2016-04-19 00:00:00+00:00,0.0030845039487379378
2016-04-20 00:00:00+00:00,0.0007616146230007281
2016-04-21 00:00:00+00:00,-0.005194063926940662
2016-04-22 00:00:00+00:00,4.7813031919918814e-05
2016-04-25 00:00:00+00:00,-0.0018120272712495167
2016-04-26 00:00:00+00:00,0.001872793719674748
2016-04-27 00:00:00+00:00,0.001649376105560263
2016-04-28 00:00:00+00:00,-0.00923084266043006
2016-04-29 00:00:00+00:00,-0.00506308380824827
2016-05-02 00:00:00+00:00,0.007810003389338016
2016-05-03 00:00:00+00:00,-0.008676727057840061
2016-05-04 00:00:00+00:00,-0.005936889651395494
2016-05-05 00:00:00+00:00,-0.00023889387261577522
2016-05-06 00:00:00+00:00,0.003174634136826171
2016-05-09 00:00:00+00:00,0.0007534732687128898
2016-05-10 00:00:00+00:00,0.012483666797817872
2016-05-11 00:00:00+00:00,-0.0095615503816463
2016-05-12 00:00:00+00:00,-0.00016953585925616466
2016-05-13 00:00:00+00:00,-0.008478230326872227
2016-05-16 00:00:00+00:00,0.009796688181920254
2016-05-17 00:00:00+00:00,-0.009411320681679491
2016-05-18 00:00:00+00:00,0.00020515726281145064
2016-05-19 00:00:00+00:00,-0.0037067243593813526
2016-05-20 00:00:00+00:00,0.006019489813925416
2016-05-23 00:00:00+00:00,-0.002085444764948985
2016-05-24 00:00:00+00:00,0.013681373410675546
2016-05-25 00:00:00+00:00,0.006974750248066153
2016-05-26 00:00:00+00:00,-0.0002104719354808493
2016-05-27 00:00:00+00:00,0.004286876226017977
2016-05-30 00:00:00+00:00,0.0
2016-05-31 00:00:00+00:00,-0.0010004478195001498
2016-06-01 00:00:00+00:00,0.001130207538531991
2016-06-02 00:00:00+00:00,0.002824710741046177
2016-06-03 00:00:00+00:00,-0.0029117543676315805
2016-06-06 00:00:00+00:00,0.004897266962979874
2016-06-07 00:00:00+00:00,0.0012894600859958416
2016-06-08 00:00:00+00:00,0.003309455383901483
2016-06-09 00:00:00+00:00,-0.0017176941371889187
2016-06-10 00:00:00+00:00,-0.009175222644506098
2016-06-13 00:00:00+00:00,-0.008115186992800894
2016-06-14 00:00:00+00:00,-0.0017988898829277566
2016-06-15 00:00:00+00:00,-0.0018406799915194894
2016-06-16 00:00:00+00:00,0.0031329954139511784
2016-06-17 00:00:00+00:00,-0.003257956005563112
2016-06-20 00:00:00+00:00,0.005808171029634712
2016-06-21 00:00:00+00:00,0.0027121084843393373
2016-06-22 00:00:00+00:00,-0.001651586959643958
2016-06-23 00:00:00+00:00,0.013364022153492305
2016-06-24 00:00:00+00:00,-0.03591978498287063
2016-06-27 00:00:00+00:00,-0.01809650487628911
2016-06-28 00:00:00+00:00,0.01777020204544777
2016-06-29 00:00:00+00:00,0.01703264590465059
2016-06-30 00:00:00+00:00,0.013565002390415248
2016-07-01 00:00:00+00:00,0.0019486769007937
2016-07-04 00:00:00+00:00,0.0
2016-07-05 00:00:00+00:00,-0.006847523716683512
2016-07-06 00:00:00+00:00,0.005352996097771179
2016-07-07 00:00:00+00:00,-0.0008715406266519565
2016-07-08 00:00:00+00:00,0.015253348586681925
2016-07-11 00:00:00+00:00,0.0034086107328981097
2016-07-12 00:00:00+00:00,0.007009302064421963
2016-07-13 00:00:00+00:00,0.00013474959807435738
2016-07-14 00:00:00+00:00,0.005259172191430128
2016-07-15 00:00:00+00:00,-0.0009289428076257877
2016-07-18 00:00:00+00:00,0.0023823401519147414
2016-07-19 00:00:00+00:00,-0.001435236675604079
2016-07-20 00:00:00+00:00,0.004270304744474762
2016-07-21 00:00:00+00:00,-0.0036124840084306165
2016-07-22 00:00:00+00:00,0.004553914935085945
2016-07-25 00:00:00+00:00,-0.0030114527155947757
2016-07-26 00:00:00+00:00,0.0003228067586511507
2016-07-27 00:00:00+00:00,-0.001198609612849011
2016-07-28 00:00:00+00:00,0.0016062180948777094
2016-07-29 00:00:00+00:00,0.0016312913007012764
2016-08-01 00:00:00+00:00,-0.0012697828487301388
2016-08-02 00:00:00+00:00,-0.006361592747507805
2016-08-03 00:00:00+00:00,0.00313393879547319
2016-08-04 00:00:00+00:00,0.00021258994634409945
2016-08-05 00:00:00+00:00,0.008603442301027941
2016-08-08 00:00:00+00:00,-0.0009070627201803738
2016-08-09 00:00:00+00:00,0.0003897491391129382
2016-08-10 00:00:00+00:00,-0.002864685984581117
2016-08-11 00:00:00+00:00,0.0047345655461528136
2016-08-12 00:00:00+00:00,-0.0007960508557545154
2016-08-15 00:00:00+00:00,0.002792976351273957
2016-08-16 00:00:00+00:00,-0.005479076775563363
2016-08-17 00:00:00+00:00,0.001868558180106783
2016-08-18 00:00:00+00:00,0.002199594907937863
2016-08-19 00:00:00+00:00,-0.001440316046492529
2016-08-22 00:00:00+00:00,-0.0005632203382069934
2016-08-23 00:00:00+00:00,0.0019517648352453953
2016-08-24 00:00:00+00:00,-0.005240294480771901
2016-08-25 00:00:00+00:00,-0.001365241054683275
2016-08-26 00:00:00+00:00,-0.0015788480393283955
2016-08-29 00:00:00+00:00,0.005228119352340244
2016-08-30 00:00:00+00:00,-0.0019537878718389745
2016-08-31 00:00:00+00:00,-0.0023757880999210057
2016-09-01 00:00:00+00:00,-4.145650521647504e-05
2016-09-02 00:00:00+00:00,0.004201100024874949
2016-09-05 00:00:00+00:00,0.0
2016-09-06 00:00:00+00:00,0.002981678730997528
2016-09-07 00:00:00+00:00,-0.00014635395704520882
2016-09-08 00:00:00+00:00,-0.002223076078603392
2016-09-09 00:00:00+00:00,-0.024522073992573334
2016-09-12 00:00:00+00:00,0.014677062331693191
2016-09-13 00:00:00+00:00,-0.014830665480954464
2016-09-14 00:00:00+00:00,-0.0005876766556026647
2016-09-15 00:00:00+00:00,0.01010927804983619
2016-09-16 00:00:00+00:00,-0.0037722492851356426
2016-09-19 00:00:00+00:00,-1.8698928551330596e-05
2016-09-20 00:00:00+00:00,0.00029918845132592686
2016-09-21 00:00:00+00:00,0.010917112199498868
2016-09-22 00:00:00+00:00,0.006499870557343135
2016-09-23 00:00:00+00:00,-0.005736778768866024
2016-09-26 00:00:00+00:00,-0.00858783474770064
2016-09-27 00:00:00+00:00,0.006444247705139627
2016-09-28 00:00:00+00:00,0.005296467941090732
2016-09-29 00:00:00+00:00,-0.00932130406149101
2016-09-30 00:00:00+00:00,0.007967905240501505
2016-10-03 00:00:00+00:00,-0.003260664031693561
2016-10-04 00:00:00+00:00,-0.004955580233203749
2016-10-05 00:00:00+00:00,0.004296695171798204
2016-10-06 00:00:00+00:00,0.0004815416741907885
2016-10-07 00:00:00+00:00,-0.0032534698278855467
2016-10-10 00:00:00+00:00,0.004605941292820992
2016-10-11 00:00:00+00:00,-0.012446502685264704
2016-10-12 00:00:00+00:00,0.0011466118788989732
2016-10-13 00:00:00+00:00,-0.0030993184304264343
2016-10-14 00:00:00+00:00,0.00020163653841631657
2016-10-17 00:00:00+00:00,-0.0030380031692749387
2016-10-18 00:00:00+00:00,0.006160357394780158
2016-10-19 00:00:00+00:00,0.0021919985043934442
2016-10-20 00:00:00+00:00,-0.0013757467506726462
2016-10-21 00:00:00+00:00,-8.405951413614776e-05
2016-10-24 00:00:00+00:00,0.004749761811354558
2016-10-25 00:00:00+00:00,-0.0037976507555791406
2016-10-26 00:00:00+00:00,-0.0017404206872095873
2016-10-27 00:00:00+00:00,-0.0029867768517781723
2016-10-28 00:00:00+00:00,-0.003108239882983921
2016-10-31 00:00:00+00:00,-0.00012227181023405365
2016-11-01 00:00:00+00:00,-0.006786915316417175
2016-11-02 00:00:00+00:00,-0.00652548633341532
2016-11-03 00:00:00+00:00,-0.0044233867508127744
2016-11-04 00:00:00+00:00,-0.0016661400132141901
2016-11-07 00:00:00+00:00,0.022223501088635134
2016-11-08 00:00:00+00:00,0.003771956162738288
2016-11-09 00:00:00+00:00,0.011077043878180648
2016-11-10 00:00:00+00:00,0.0019507595018628532
2016-11-11 00:00:00+00:00,-0.0013979367745031723
2016-11-14 00:00:00+00:00,-0.00011550278361704969
2016-11-15 00:00:00+00:00,0.007480824323075508
2016-11-16 00:00:00+00:00,-0.0015822857378724464
2016-11-17 00:00:00+00:00,0.004676288735564471
2016-11-18 00:00:00+00:00,-0.002386700318226631
2016-11-21 00:00:00+00:00,0.007461386864659136
2016-11-22 00:00:00+00:00,0.0021654277629676866
2016-11-23 00:00:00+00:00,0.0008080111124224576
2016-11-24 00:00:00+00:00,0.0
2016-11-25 00:00:00+00:00,0.003914329257229898
2016-11-28 00:00:00+00:00,-0.005254478505433036
2016-11-29 00:00:00+00:00,0.00133531965917566
2016-11-30 00:00:00+00:00,-0.0026534703763845258
2016-12-01 00:00:00+00:00,-0.0035155379500729778
2016-12-02 00:00:00+00:00,0.0003970644613615626
2016-12-05 00:00:00+00:00,0.005821300668354734
2016-12-06 00:00:00+00:00,0.0034108794353906458
2016-12-07 00:00:00+00:00,0.013163188276083426
2016-12-08 00:00:00+00:00,0.002159412853860454
2016-12-09 00:00:00+00:00,0.005938945503274562
2016-12-12 00:00:00+00:00,-0.0011374046815045835
2016-12-13 00:00:00+00:00,0.006539770310506121
2016-12-14 00:00:00+00:00,-0.008117197541950394
2016-12-15 00:00:00+00:00,0.003883228005396644
2016-12-16 00:00:00+00:00,-0.0017506399119374683
2016-12-19 00:00:00+00:00,0.001975138060378967
2016-12-20 00:00:00+00:00,0.0036375208284531446
2016-12-21 00:00:00+00:00,-0.002457327062305281
2016-12-22 00:00:00+00:00,-0.00186298660592088
2016-12-23 00:00:00+00:00,0.0012516807020026555
2016-12-26 00:00:00+00:00,0.0
2016-12-27 00:00:00+00:00,0.002248441772426002
2016-12-28 00:00:00+00:00,-0.00835654596100277
2016-12-29 00:00:00+00:00,-0.00029334376333378653
2016-12-30 00:00:00+00:00,-0.004637080639855018
2017-01-02 00:00:00+00:00,0.0
2017-01-03 00:00:00+00:00,0.008486575577422162
2017-01-04 00:00:00+00:00,0.00572230858833489
2017-01-05 00:00:00+00:00,-0.0007706704833204681
2017-01-06 00:00:00+00:00,0.00351696782723665
2017-01-09 00:00:00+00:00,-0.0035485599346501973
2017-01-10 00:00:00+00:00,0.0
2017-01-11 00:00:00+00:00,0.002829564987438804
2017-01-12 00:00:00+00:00,-0.002144753265474808
2017-01-13 00:00:00+00:00,0.0018498617008155804
2017-01-16 00:00:00+00:00,0.0
2017-01-17 00:00:00+00:00,-0.0029675025498540064
2017-01-18 00:00:00+00:00,0.0017637539739581154
2017-01-19 00:00:00+00:00,-0.0036093296770529637
2017-01-20 00:00:00+00:00,0.003366185299223723
2017-01-23 00:00:00+00:00,-0.0026900775323491777
2017-01-24 00:00:00+00:00,0.006564541762317022
2017-01-25 00:00:00+00:00,0.008026069375062894
2017-01-26 00:00:00+00:00,-0.0007353037152416642
2017-01-27 00:00:00+00:00,-0.000866468119198105
2017-01-30 00:00:00+00:00,-0.006009526341248739
2017-01-31 00:00:00+00:00,-0.0008899995615766487
2017-02-01 00:00:00+00:00,0.00029839350204285964
2017-02-02 00:00:00+00:00,0.0005702879954376794
2017-02-03 00:00:00+00:00,0.007264835478001608
2017-02-06 00:00:00+00:00,-0.002115416423640437
2017-02-07 00:00:00+00:00,0.00022682067208701362
2017-02-08 00:00:00+00:00,0.0006933905489561187
2017-02-09 00:00:00+00:00,0.0057524611382027135
2017-02-10 00:00:00+00:00,0.0035660587468098193
2017-02-13 00:00:00+00:00,0.005245887483269263
2017-02-14 00:00:00+00:00,0.004007301621389514
2017-02-15 00:00:00+00:00,0.004992342508064018
2017-02-16 00:00:00+00:00,-0.0008641055656061214
2017-02-17 00:00:00+00:00,0.0016785814708464297
2017-02-20 00:00:00+00:00,0.0
2017-02-21 00:00:00+00:00,0.00604807839534538
2017-02-22 00:00:00+00:00,-0.0010822785345272479
2017-02-23 00:00:00+00:00,0.00041899086684549225
2017-02-24 00:00:00+00:00,0.001493351834538359
2017-02-27 00:00:00+00:00,0.001018020225231675
2017-02-28 00:00:00+00:00,-0.0025783310475788745
2017-03-01 00:00:00+00:00,0.013673825117192173
2017-03-02 00:00:00+00:00,-0.0058598641045760624
2017-03-03 00:00:00+00:00,0.0005037952576072424
2017-03-06 00:00:00+00:00,-0.0032772164221692712
2017-03-07 00:00:00+00:00,-0.0029133039476952893
2017-03-08 00:00:00+00:00,-0.0022842521713062336
2017-03-09 00:00:00+00:00,0.0007998374933346764
2017-03-10 00:00:00+00:00,0.0032686786165836423
2017-03-13 00:00:00+00:00,0.00036668633566550035
2017-03-14 00:00:00+00:00,-0.0033790189048102937
2017-03-15 00:00:00+00:00,0.008374727853051489
2017-03-16 00:00:00+00:00,-0.001626657052061442
2017-03-17 00:00:00+00:00,-0.0013143639402364293
2017-03-20 00:00:00+00:00,-0.00200988121517931
2017-03-21 00:00:00+00:00,-0.012407993359932812
2017-03-22 00:00:00+00:00,0.0018899156150544716
2017-03-23 00:00:00+00:00,-0.0010602737976110888
2017-03-24 00:00:00+00:00,-0.0008440041603438031
2017-03-27 00:00:00+00:00,-0.0010196332733214408
2017-03-28 00:00:00+00:00,0.007251482966702083
2017-03-29 00:00:00+00:00,0.0010854034436120763
2017-03-30 00:00:00+00:00,0.0029350353432466836
2017-03-31 00:00:00+00:00,-0.002255010430479043
2017-04-03 00:00:00+00:00,-0.0016421751202002621
2017-04-04 00:00:00+00:00,0.0005595970900948988
2017-04-05 00:00:00+00:00,-0.0030548776354145657
2017-04-06 00:00:00+00:00,0.0019294927644020188
2017-04-07 00:00:00+00:00,-0.0008271509105022279
2017-04-10 00:00:00+00:00,0.0006877403907383783
2017-04-11 00:00:00+00:00,-0.0014339289653649834
2017-04-12 00:00:00+00:00,-0.0037599095922304926
2017-04-13 00:00:00+00:00,-0.006814702357852864
2017-04-14 00:00:00+00:00,0.0
2017-04-17 00:00:00+00:00,0.008613323600764389
2017-04-18 00:00:00+00:00,-0.0029033507733046138
2017-04-19 00:00:00+00:00,-0.0017163423974997372
2017-04-20 00:00:00+00:00,0.007557192163101911
2017-04-21 00:00:00+00:00,-0.0030350108666123976
2017-04-24 00:00:00+00:00,0.010840085324159476
2017-04-25 00:00:00+00:00,0.006090600846618832
2017-04-26 00:00:00+00:00,-0.0004856380907726221
2017-04-27 00:00:00+00:00,0.0005528911600243269
2017-04-28 00:00:00+00:00,-0.0019131184668260692
2017-05-01 00:00:00+00:00,0.00173223722842053
2017-05-02 00:00:00+00:00,0.001189115406999841
2017-05-03 00:00:00+00:00,-0.0012713441536987835
2017-05-04 00:00:00+00:00,0.000582045366039452
2017-05-05 00:00:00+00:00,0.004088687267735702
2017-05-08 00:00:00+00:00,3.751109703298283e-05
2017-05-09 00:00:00+00:00,-0.0010252648600889147
2017-05-10 00:00:00+00:00,0.0011306176259533451
2017-05-11 00:00:00+00:00,-0.002162833436821554
2017-05-12 00:00:00+00:00,-0.0014784250179582514
2017-05-15 00:00:00+00:00,0.004776444016897363
2017-05-16 00:00:00+00:00,-0.0006868360584768585
2017-05-17 00:00:00+00:00,-0.01817825856948263
2017-05-18 00:00:00+00:00,0.0036868431882495223
2017-05-19 00:00:00+00:00,0.00676749573068669
2017-05-22 00:00:00+00:00,0.005160114706536767
2017-05-23 00:00:00+00:00,0.0018379127993919386
2017-05-24 00:00:00+00:00,0.0024891386829661855
2017-05-25 00:00:00+00:00,0.004441875070184231
2017-05-26 00:00:00+00:00,0.0003105500047617671
2017-05-29 00:00:00+00:00,0.0
2017-05-30 00:00:00+00:00,-0.0012045599423798903
2017-05-31 00:00:00+00:00,-0.00046002544645251664
2017-06-01 00:00:00+00:00,0.007571108715482167
2017-06-02 00:00:00+00:00,0.003707727381216941
2017-06-05 00:00:00+00:00,-0.0012176772294358873
2017-06-06 00:00:00+00:00,-0.0027790320594393014
2017-06-07 00:00:00+00:00,0.001568333655781684
2017-06-08 00:00:00+00:00,0.0002671445128517025
2017-06-09 00:00:00+00:00,-0.0008299812227020587
2017-06-12 00:00:00+00:00,-0.000978710980068076
2017-06-13 00:00:00+00:00,0.004511420562363311
2017-06-14 00:00:00+00:00,-0.0009957588050893973
2017-06-15 00:00:00+00:00,-0.002239614097263254
2017-06-16 00:00:00+00:00,0.00028366345181418673
2017-06-19 00:00:00+00:00,0.00834720424141544
2017-06-20 00:00:00+00:00,-0.006696665117833511
2017-06-21 00:00:00+00:00,-0.0005826764545369123
2017-06-22 00:00:00+00:00,-0.00045573798760889517
2017-06-23 00:00:00+00:00,0.0015608954610804027
2017-06-26 00:00:00+00:00,0.00031579379075585834
2017-06-27 00:00:00+00:00,-0.008072749039592986
2017-06-28 00:00:00+00:00,0.0088080417296994
2017-06-29 00:00:00+00:00,-0.008600027041533398
2017-06-30 00:00:00+00:00,0.0015332479232963436
2017-07-03 00:00:00+00:00,0.0023107934687074394
2017-07-04 00:00:00+00:00,0.0
2017-07-05 00:00:00+00:00,0.0014532669688471778
2017-07-06 00:00:00+00:00,-0.00936880791271677
2017-07-07 00:00:00+00:00,0.006403153854134258
2017-07-10 00:00:00+00:00,0.0009277661864273146
2017-07-11 00:00:00+00:00,-0.0007827208199616686
2017-07-12 00:00:00+00:00,0.007305619802682184
2017-07-13 00:00:00+00:00,0.00187455233807432
2017-07-14 00:00:00+00:00,0.0046735271648765675
2017-07-17 00:00:00+00:00,-5.286121491343554e-05
2017-07-18 00:00:00+00:00,0.0005977699520971491
2017-07-19 00:00:00+00:00,0.0053726514969865136
2017-07-20 00:00:00+00:00,-0.00015360796821128897
2017-07-21 00:00:00+00:00,-0.0003679071741898854
2017-07-24 00:00:00+00:00,-0.0010636834995592093
2017-07-25 00:00:00+00:00,0.002923183435833865
2017-07-26 00:00:00+00:00,0.0002825850883885206
2017-07-27 00:00:00+00:00,-0.0009726252406339064
2017-07-28 00:00:00+00:00,-0.0013411865461215866
2017-07-31 00:00:00+00:00,-0.0007281258848751415
2017-08-01 00:00:00+00:00,0.002449095251588762
2017-08-02 00:00:00+00:00,0.0004926605689827834
2017-08-03 00:00:00+00:00,-0.0021835911800677232
2017-08-04 00:00:00+00:00,0.0018890363083294837
2017-08-07 00:00:00+00:00,0.001647266869345021
2017-08-08 00:00:00+00:00,-0.002414436638168982
2017-08-09 00:00:00+00:00,-0.0003636481179190021
2017-08-10 00:00:00+00:00,-0.01447441815345063
2017-08-11 00:00:00+00:00,0.0012755258980974293
2017-08-14 00:00:00+00:00,0.01004374682548792
2017-08-15 00:00:00+00:00,-0.0004988158193557357
2017-08-16 00:00:00+00:00,0.0014201029777529683
2017-08-17 00:00:00+00:00,-0.015436913265616137
2017-08-18 00:00:00+00:00,-0.0018353833934839914
2017-08-21 00:00:00+00:00,0.0011626229102676966
2017-08-22 00:00:00+00:00,0.009940824503679613
2017-08-23 00:00:00+00:00,-0.003453604674394928
2017-08-24 00:00:00+00:00,-0.002074434133647607
2017-08-25 00:00:00+00:00,0.0016728373042720346
2017-08-28 00:00:00+00:00,0.00048709604797259054
2017-08-29 00:00:00+00:00,0.0008427977612674997
2017-08-30 00:00:00+00:00,0.004615133058087695
2017-08-31 00:00:00+00:00,0.005721051924853171
2017-09-01 00:00:00+00:00,0.0019824813383773066
2017-09-04 00:00:00+00:00,0.0
2017-09-05 00:00:00+00:00,-0.007550826754961659
2017-09-06 00:00:00+00:00,0.003128750737433128
2017-09-07 00:00:00+00:00,-0.00017845989113951521
2017-09-08 00:00:00+00:00,-0.001488783416494277
2017-09-11 00:00:00+00:00,0.01083922760346634
2017-09-12 00:00:00+00:00,0.003363999180100441
2017-09-13 00:00:00+00:00,0.0007570659488558285
2017-09-14 00:00:00+00:00,-0.0011007176679195263
2017-09-15 00:00:00+00:00,0.0018472363580994688
2017-09-18 00:00:00+00:00,0.0014558660603223306
2017-09-19 00:00:00+00:00,0.0011102812845715793
2017-09-20 00:00:00+00:00,0.0006343127281429606
2017-09-21 00:00:00+00:00,-0.003045960514145296
2017-09-22 00:00:00+00:00,0.0006478445173156988
2017-09-25 00:00:00+00:00,-0.002222026840165925
2017-09-26 00:00:00+00:00,7.209632068461147e-05
2017-09-27 00:00:00+00:00,0.004085163646849521
2017-09-28 00:00:00+00:00,0.0012046078243665992
2017-09-29 00:00:00+00:00,0.0037050907149631662
2017-10-02 00:00:00+00:00,0.0038739997459671383
2017-10-03 00:00:00+00:00,0.002158853672423522
2017-10-04 00:00:00+00:00,0.0012467548864110167
2017-10-05 00:00:00+00:00,0.005646756562926125
2017-10-06 00:00:00+00:00,-0.0010736382622734686
2017-10-09 00:00:00+00:00,-0.001804395664743219
2017-10-10 00:00:00+00:00,0.002322446782173193
2017-10-11 00:00:00+00:00,0.001803468933287311
2017-10-12 00:00:00+00:00,-0.0016867300136190755
2017-10-13 00:00:00+00:00,0.0008781111202582625
2017-10-16 00:00:00+00:00,0.0017507647356032052
2017-10-17 00:00:00+00:00,0.0006724949562879612
2017-10-18 00:00:00+00:00,0.0007423730932734074
2017-10-19 00:00:00+00:00,0.0003279635804251946
2017-10-20 00:00:00+00:00,0.005116896296007312
2017-10-23 00:00:00+00:00,-0.0039724915637947555
2017-10-24 00:00:00+00:00,0.0016179463387628878
2017-10-25 00:00:00+00:00,-0.004663057143858063
2017-10-26 00:00:00+00:00,0.0012709461705413538
2017-10-27 00:00:00+00:00,0.008072957350414134
2017-10-30 00:00:00+00:00,-0.0031924744388955872
2017-10-31 00:00:00+00:00,0.0009444852555358096
2017-11-01 00:00:00+00:00,0.001592072256781707
2017-11-02 00:00:00+00:00,0.00018996960486306058
2017-11-03 00:00:00+00:00,0.0030970792875555375
2017-11-06 00:00:00+00:00,0.0012713305304810074
2017-11-07 00:00:00+00:00,-0.00018910668318461443
2017-11-08 00:00:00+00:00,0.0014436587098169973
2017-11-09 00:00:00+00:00,-0.003761977813581785
2017-11-10 00:00:00+00:00,-0.0008976174447306029
2017-11-13 00:00:00+00:00,0.0009836192541532451
2017-11-14 00:00:00+00:00,-0.002309620711533511
2017-11-15 00:00:00+00:00,-0.005525675974360822
2017-11-16 00:00:00+00:00,0.008196146017733552
2017-11-17 00:00:00+00:00,-0.0026260422951377427
2017-11-20 00:00:00+00:00,0.001275762452255913
2017-11-21 00:00:00+00:00,0.006541086075890767
2017-11-22 00:00:00+00:00,-0.0007502799121211767
2017-11-23 00:00:00+00:00,0.0
2017-11-24 00:00:00+00:00,0.002056155374497548
2017-11-27 00:00:00+00:00,-0.0003842577293442506
2017-11-28 00:00:00+00:00,0.00984846737551015
2017-11-29 00:00:00+00:00,-0.00036923685973555553
2017-11-30 00:00:00+00:00,0.008190946928299692
2017-12-01 00:00:00+00:00,-0.00202449028924534
2017-12-04 00:00:00+00:00,-0.0010521455442770167
2017-12-05 00:00:00+00:00,-0.003739429575970621
2017-12-06 00:00:00+00:00,-0.00011408709408766704
2017-12-07 00:00:00+00:00,0.0029323728639507607
2017-12-08 00:00:00+00:00,0.005506298872194781
2017-12-11 00:00:00+00:00,0.0032019611540636816
2017-12-12 00:00:00+00:00,0.0015488780033008354
2017-12-13 00:00:00+00:00,-0.0004729534441145766
2017-12-14 00:00:00+00:00,-0.004070826370242253
2017-12-15 00:00:00+00:00,0.008974325134520456
2017-12-18 00:00:00+00:00,0.005362862086620401
2017-12-19 00:00:00+00:00,-0.003230291135099761
2017-12-20 00:00:00+00:00,-0.0008279040973793172
2017-12-21 00:00:00+00:00,0.0019856303069889503
2017-12-22 00:00:00+00:00,-0.0004581739347455649
2017-12-25 00:00:00+00:00,0.0
2017-12-26 00:00:00+00:00,-0.0010583824636460903
2017-12-27 00:00:00+00:00,0.00079089722066783
2017-12-28 00:00:00+00:00,0.0018340279279212002
2017-12-29 00:00:00+00:00,-0.005183178668968558
2018-01-01 00:00:00+00:00,0.0
2018-01-02 00:00:00+00:00,0.008303380074131894
2018-01-03 00:00:00+00:00,0.006398818907860759
2018-01-04 00:00:00+00:00,0.004028661363921104
2018-01-05 00:00:00+00:00,0.007033799683552555
2018-01-08 00:00:00+00:00,0.0016623225124401397
2018-01-09 00:00:00+00:00,0.0013029031448006378
2018-01-10 00:00:00+00:00,-0.0011122055472160275
2018-01-11 00:00:00+00:00,0.007033618001404562
2018-01-12 00:00:00+00:00,0.006749627831013516
2018-01-15 00:00:00+00:00,0.0
2018-01-16 00:00:00+00:00,-0.0035244630756861017
2018-01-17 00:00:00+00:00,0.009415002053003496
2018-01-18 00:00:00+00:00,-0.001616379310344751
2018-01-19 00:00:00+00:00,0.004385228178396927
2018-01-22 00:00:00+00:00,0.008066754439027823
2018-01-23 00:00:00+00:00,0.002174396481431362
2018-01-24 00:00:00+00:00,-0.0005600307136341964
2018-01-25 00:00:00+00:00,0.0006026346765155566
2018-01-26 00:00:00+00:00,0.011841155234656897
2018-01-29 00:00:00+00:00,-0.006731944014173874
2018-01-30 00:00:00+00:00,-0.010898781509218525
2018-01-31 00:00:00+00:00,0.0004889403811609849
2018-02-01 00:00:00+00:00,-0.0006480605989779287
2018-02-02 00:00:00+00:00,-0.021208513171602883
2018-02-05 00:00:00+00:00,-0.040979244278871785
2018-02-06 00:00:00+00:00,0.017440938639606607
2018-02-07 00:00:00+00:00,-0.0050015954644285765
2018-02-08 00:00:00+00:00,-0.037536451302551344
2018-02-09 00:00:00+00:00,0.014936071290197583
2018-02-12 00:00:00+00:00,0.013914603653299107
2018-02-13 00:00:00+00:00,0.0026129518072288693
2018-02-14 00:00:00+00:00,0.013402479965752168
2018-02-15 00:00:00+00:00,0.0120690869070601
2018-02-16 00:00:00+00:00,0.0003734622144111466
2018-02-19 00:00:00+00:00,0.0
2018-02-20 00:00:00+00:00,-0.005841403693699454
2018-02-21 00:00:00+00:00,-0.00549652831466807
2018-02-22 00:00:00+00:00,0.0009735944886408721
2018-02-23 00:00:00+00:00,0.016028343614550522
2018-02-26 00:00:00+00:00,0.011756997779638123
2018-02-27 00:00:00+00:00,-0.012706864297021059
2018-02-28 00:00:00+00:00,-0.011095806550352139
2018-03-01 00:00:00+00:00,-0.013324342350110263
2018-03-02 00:00:00+00:00,0.005071573420174946
2018-03-05 00:00:00+00:00,0.011032048304691067
2018-03-06 00:00:00+00:00,0.0026387939462098053
2018-03-07 00:00:00+00:00,-0.00048384968403136774
2018-03-08 00:00:00+00:00,0.00446310693853591
2018-03-09 00:00:00+00:00,0.017378795678667736
2018-03-12 00:00:00+00:00,-0.001273967637633433
2018-03-13 00:00:00+00:00,-0.00636359063175973
2018-03-14 00:00:00+00:00,-0.005724493818052956
2018-03-15 00:00:00+00:00,-0.0007819660444884358
2018-03-16 00:00:00+00:00,0.0017034720983646334
2018-03-19 00:00:00+00:00,-0.014204163502312905
2018-03-20 00:00:00+00:00,0.001481798210046792
2018-03-21 00:00:00+00:00,-0.001843986249236318
2018-03-22 00:00:00+00:00,-0.02516289137256489
2018-03-23 00:00:00+00:00,-0.020966906104724736
2018-03-26 00:00:00+00:00,0.0271572407717926
2018-03-27 00:00:00+00:00,-0.017276334844182117
2018-03-28 00:00:00+00:00,-0.0029166124426820428
2018-03-29 00:00:00+00:00,0.01376967370441462
2018-03-30 00:00:00+00:00,0.0
2018-04-02 00:00:00+00:00,-0.02233733580221664
2018-04-03 00:00:00+00:00,0.01261483879963432
2018-04-04 00:00:00+00:00,0.011566486259060316
2018-04-05 00:00:00+00:00,0.00686280811739759
2018-04-06 00:00:00+00:00,-0.02192020549488527
2018-04-09 00:00:00+00:00,0.003336571356168383
2018-04-10 00:00:00+00:00,0.01672687474169199
2018-04-11 00:00:00+00:00,-0.005525298565605352
2018-04-12 00:00:00+00:00,0.008250731400845313
2018-04-13 00:00:00+00:00,-0.0028866474724003055
2018-04-16 00:00:00+00:00,0.008109023830139561
2018-04-17 00:00:00+00:00,0.01066157798822931
2018-04-18 00:00:00+00:00,0.0008313657676830566
2018-04-19 00:00:00+00:00,-0.005726120857699746
2018-04-20 00:00:00+00:00,-0.008536535555283331
2018-04-23 00:00:00+00:00,5.617682967939963e-05
2018-04-24 00:00:00+00:00,-0.01338056915166519
2018-04-25 00:00:00+00:00,0.0018371189116968
2018-04-26 00:00:00+00:00,0.01043418958854292
2018-04-27 00:00:00+00:00,0.0011136358523251566
2018-04-30 00:00:00+00:00,-0.008187541902161422
2018-05-01 00:00:00+00:00,0.0025490455240648746
2018-05-02 00:00:00+00:00,-0.007205815880669042
2018-05-03 00:00:00+00:00,-0.0022536964035709817
2018-05-04 00:00:00+00:00,0.012811201149927953
2018-05-07 00:00:00+00:00,0.003457960066380883
2018-05-08 00:00:00+00:00,-0.0002656559269333947
2018-05-09 00:00:00+00:00,0.009682176113057217
2018-05-10 00:00:00+00:00,0.009370632999603501
2018-05-11 00:00:00+00:00,0.0017076314600799058
2018-05-14 00:00:00+00:00,0.0008835217690965624
2018-05-15 00:00:00+00:00,-0.006842165025108815
2018-05-16 00:00:00+00:00,0.004060558004020054
2018-05-17 00:00:00+00:00,-0.000855843612027285
2018-05-18 00:00:00+00:00,-0.002632227136203147
2018-05-21 00:00:00+00:00,0.007386738519040259
2018-05-22 00:00:00+00:00,-0.0031357367883761977
2018-05-23 00:00:00+00:00,0.003248373977771557
2018-05-24 00:00:00+00:00,-0.002023202806873625
2018-05-25 00:00:00+00:00,-0.002357245505469785
2018-05-28 00:00:00+00:00,0.0
2018-05-29 00:00:00+00:00,-0.011564198388288038
2018-05-30 00:00:00+00:00,0.01269582803565994
2018-05-31 00:00:00+00:00,-0.006879563584568427
2018-06-01 00:00:00+00:00,0.01084919435028664
2018-06-04 00:00:00+00:00,0.0044795986279628774
2018-06-05 00:00:00+00:00,0.0007026178887243884
2018-06-06 00:00:00+00:00,0.00856737485448189
2018-06-07 00:00:00+00:00,-0.0007141955380813858
2018-06-08 00:00:00+00:00,0.0031259362467830343
2018-06-11 00:00:00+00:00,0.0010687182218256375
2018-06-12 00:00:00+00:00,0.0017433501078361058
2018-06-13 00:00:00+00:00,-0.004026050917702695
2018-06-14 00:00:00+00:00,0.002471510972283708
2018-06-15 00:00:00+00:00,-0.0010170746345898873
2018-06-18 00:00:00+00:00,-0.0021261593144484836
2018-06-19 00:00:00+00:00,-0.004023433979269853
2018-06-20 00:00:00+00:00,0.0017121614137458607
2018-06-21 00:00:00+00:00,-0.006345489498865264
2018-06-22 00:00:00+00:00,0.0018619806819504259
2018-06-25 00:00:00+00:00,-0.013724735741665661
2018-06-26 00:00:00+00:00,0.0022045806696182613
2018-06-27 00:00:00+00:00,-0.008604290761129008
2018-06-28 00:00:00+00:00,0.006178624478169192
2018-06-29 00:00:00+00:00,0.0007583817752760957
2018-07-02 00:00:00+00:00,0.0030680150237090142
2018-07-03 00:00:00+00:00,-0.00494735413740377
2018-07-04 00:00:00+00:00,0.0
2018-07-05 00:00:00+00:00,0.00862075320099387
2018-07-06 00:00:00+00:00,0.008481296202235589
2018-07-09 00:00:00+00:00,0.008823039183714743
2018-07-10 00:00:00+00:00,0.0034732074550045677
2018-07-11 00:00:00+00:00,-0.007094178621538827
2018-07-12 00:00:00+00:00,0.008749035695488905
2018-07-13 00:00:00+00:00,0.0010792305300737493
2018-07-16 00:00:00+00:00,-0.001028090429120665
2018-07-17 00:00:00+00:00,0.00397365665748306
2018-07-18 00:00:00+00:00,0.0021604883344306103
2018-07-19 00:00:00+00:00,-0.003952948196134454
2018-07-20 00:00:00+00:00,-0.0009484790461010695
2018-07-23 00:00:00+00:00,0.00183808439484201
2018-07-24 00:00:00+00:00,0.004780938945058377
2018-07-25 00:00:00+00:00,0.009101545880016992
2018-07-26 00:00:00+00:00,-0.003032251490652005
2018-07-27 00:00:00+00:00,-0.006562253298748155
2018-07-30 00:00:00+00:00,-0.005754180827438504
2018-07-31 00:00:00+00:00,0.00488474987511589
2018-08-01 00:00:00+00:00,-0.0010403758135703045
2018-08-02 00:00:00+00:00,0.004926493587738445
2018-08-03 00:00:00+00:00,0.0046441380578801095
2018-08-06 00:00:00+00:00,0.0035382963367192044
2018-08-07 00:00:00+00:00,0.002824165029469361
2018-08-08 00:00:00+00:00,-0.00026237996116773576
2018-08-09 00:00:00+00:00,-0.001441718864821362
2018-08-10 00:00:00+00:00,-0.0071138709971333425
2018-08-13 00:00:00+00:00,-0.004005957759204981
2018-08-14 00:00:00+00:00,0.00638924424064391
2018-08-15 00:00:00+00:00,-0.00760221974957398
2018-08-16 00:00:00+00:00,0.007919471183698512
2018-08-17 00:00:00+00:00,0.0033231362802699227
2018-08-20 00:00:00+00:00,0.002427959426412052
2018-08-21 00:00:00+00:00,0.0020685672284348477
2018-08-22 00:00:00+00:00,-0.0003981892866123937
2018-08-23 00:00:00+00:00,-0.001691231454109654
2018-08-24 00:00:00+00:00,0.0061988533346399866
2018-08-27 00:00:00+00:00,0.007670392285776817
2018-08-28 00:00:00+00:00,0.0002692682118519141
2018-08-29 00:00:00+00:00,0.005701427427593275
2018-08-30 00:00:00+00:00,-0.004430275493816138
2018-08-31 00:00:00+00:00,0.00013443037712890238
2018-09-03 00:00:00+00:00,0.0
2018-09-04 00:00:00+00:00,-0.001654305329620409
2018-09-05 00:00:00+00:00,-0.002803170482476691
2018-09-06 00:00:00+00:00,-0.0036522883057535926
2018-09-07 00:00:00+00:00,-0.0022133041469051262
2018-09-10 00:00:00+00:00,0.001897843770893859
2018-09-11 00:00:00+00:00,0.0037398379635260603
2018-09-12 00:00:00+00:00,0.00035666178420923345
2018-09-13 00:00:00+00:00,0.005282250806529776
2018-09-14 00:00:00+00:00,0.00027546501938591206
2018-09-17 00:00:00+00:00,-0.005569745746958565
2018-09-18 00:00:00+00:00,0.005369011354195541
2018-09-19 00:00:00+00:00,0.00125330973621951
2018-09-20 00:00:00+00:00,0.007840574975498171
2018-09-21 00:00:00+00:00,-0.00036850635502849727
2018-09-24 00:00:00+00:00,-0.0035157543341060027
2018-09-25 00:00:00+00:00,-0.0013050760951849316
2018-09-26 00:00:00+00:00,-0.00328924803468289
2018-09-27 00:00:00+00:00,0.0027632769780832067
2018-09-28 00:00:00+00:00,-6.863417982172493e-06
2018-10-01 00:00:00+00:00,0.0036410682297065566
2018-10-02 00:00:00+00:00,-0.00039663679353352244
2018-10-03 00:00:00+00:00,0.0007114930065028613
2018-10-04 00:00:00+00:00,-0.008169515742554312
2018-10-05 00:00:00+00:00,-0.005527965508803745
2018-10-08 00:00:00+00:00,-0.00039506925841348295
2018-10-09 00:00:00+00:00,-0.0014179577940874877
2018-10-10 00:00:00+00:00,-0.032864175757028824
2018-10-11 00:00:00+00:00,-0.020573073719881707
2018-10-12 00:00:00+00:00,0.014206284338267983
2018-10-15 00:00:00+00:00,-0.005905035180855278
2018-10-16 00:00:00+00:00,0.021495643069809
2018-10-17 00:00:00+00:00,-0.0002526762327753618
2018-10-18 00:00:00+00:00,-0.014391946490294405
2018-10-19 00:00:00+00:00,-0.00036116990154511086
2018-10-22 00:00:00+00:00,-0.0042994746692295305
2018-10-23 00:00:00+00:00,-0.00551185102399232
2018-10-24 00:00:00+00:00,-0.030864490329077787
2018-10-25 00:00:00+00:00,0.018625051767629408
2018-10-26 00:00:00+00:00,-0.01732721755489608
2018-10-29 00:00:00+00:00,-0.006559621467715271
2018-10-30 00:00:00+00:00,0.015666824420255576
2018-10-31 00:00:00+00:00,0.010851291456518197
2018-11-01 00:00:00+00:00,0.0105577968389301
2018-11-02 00:00:00+00:00,-0.006316665267828814
2018-11-05 00:00:00+00:00,0.005600317290107348
2018-11-06 00:00:00+00:00,0.006259335137365651
2018-11-07 00:00:00+00:00,0.02120887695294771
2018-11-08 00:00:00+00:00,-0.0025089822274502183
2018-11-09 00:00:00+00:00,-0.009198989607493102
2018-11-12 00:00:00+00:00,-0.019701475363267495
2018-11-13 00:00:00+00:00,-0.001481905348797996
2018-11-14 00:00:00+00:00,-0.007567464311691308
2018-11-15 00:00:00+00:00,0.010593800664796094
2018-11-16 00:00:00+00:00,0.0022232803457622463
2018-11-19 00:00:00+00:00,-0.016643094431470606
2018-11-20 00:00:00+00:00,-0.018151208036480848
2018-11-21 00:00:00+00:00,0.00304327583661701
2018-11-22 00:00:00+00:00,0.0
2018-11-23 00:00:00+00:00,-0.006554890129173208
2018-11-26 00:00:00+00:00,0.015532409517731827
2018-11-27 00:00:00+00:00,0.003261703042884756
2018-11-28 00:00:00+00:00,0.02297393528374414
2018-11-29 00:00:00+00:00,-0.0021976900564546487
2018-11-30 00:00:00+00:00,0.00818552393197347
2018-12-03 00:00:00+00:00,0.010941355061463431
2018-12-04 00:00:00+00:00,-0.03236488351007216
2018-12-05 00:00:00+00:00,0.0
2018-12-06 00:00:00+00:00,-0.0015221883958135285
2018-12-07 00:00:00+00:00,-0.02332016543333515
2018-12-10 00:00:00+00:00,0.001762194844060927
2018-12-11 00:00:00+00:00,-0.00035636837875119287
2018-12-12 00:00:00+00:00,0.005419488922094429
2018-12-13 00:00:00+00:00,-0.00019991927787654795
2018-12-14 00:00:00+00:00,-0.019086676677205427
2018-12-17 00:00:00+00:00,-0.020773476413007863
2018-12-18 00:00:00+00:00,8.641209140813899e-05
2018-12-19 00:00:00+00:00,-0.015395733182517968
2018-12-20 00:00:00+00:00,-0.015772090500047797
2018-12-21 00:00:00+00:00,-0.020588306814405377
2018-12-24 00:00:00+00:00,-0.02711224768478282
2018-12-25 00:00:00+00:00,0.0
2018-12-26 00:00:00+00:00,0.049593807154098
2018-12-27 00:00:00+00:00,0.008562629168861635
2018-12-28 00:00:00+00:00,-0.0012415472330372657
2018-12-31 00:00:00+00:00,0.008492440882795549
2019-01-01 00:00:00+00:00,0.0
2019-01-02 00:00:00+00:00,0.0012685242435728217
2019-01-03 00:00:00+00:00,-0.02475667621502542
2019-01-04 00:00:00+00:00,0.0343356931888279
2019-01-07 00:00:00+00:00,0.00701043468644591
2019-01-08 00:00:00+00:00,0.009695296290921585
2019-01-09 00:00:00+00:00,0.0040980263439003295
2019-01-10 00:00:00+00:00,0.004518445159692908
2019-01-11 00:00:00+00:00,-0.00014634296629478794
2019-01-14 00:00:00+00:00,-0.005257562801876614
2019-01-15 00:00:00+00:00,0.010721711756711327
2019-01-16 00:00:00+00:00,0.002221966823736654
2019-01-17 00:00:00+00:00,0.007591452926111408
2019-01-18 00:00:00+00:00,0.013183052853609212
2019-01-21 00:00:00+00:00,0.0
2019-01-22 00:00:00+00:00,-0.014157284018107563
2019-01-23 00:00:00+00:00,0.0022028941471379238
2019-01-24 00:00:00+00:00,0.001375677416909804
2019-01-25 00:00:00+00:00,0.0084887201825663
2019-01-28 00:00:00+00:00,-0.0078468605052614
2019-01-29 00:00:00+00:00,-0.001456209694195909
2019-01-30 00:00:00+00:00,0.015549242424242493
2019-01-31 00:00:00+00:00,0.008597377892989533
2019-02-01 00:00:00+00:00,0.000898635405495396
2019-02-04 00:00:00+00:00,0.006776204217207926
2019-02-05 00:00:00+00:00,0.004708481505539597
2019-02-06 00:00:00+00:00,-0.002224495014062744
2019-02-07 00:00:00+00:00,-0.009357119061652264
2019-02-08 00:00:00+00:00,0.0006762624489569102
2019-02-11 00:00:00+00:00,0.0007090417596054
2019-02-12 00:00:00+00:00,0.012890250202966858
2019-02-13 00:00:00+00:00,0.003023976857468691
2019-02-14 00:00:00+00:00,-0.0026516238471793185
2019-02-15 00:00:00+00:00,0.010878709851296353
2019-02-18 00:00:00+00:00,0.0
2019-02-19 00:00:00+00:00,0.0014987750396311394
2019-02-20 00:00:00+00:00,0.0017771318387196366
2019-02-21 00:00:00+00:00,-0.003526412180845262
2019-02-22 00:00:00+00:00,0.006411088047050706
2019-02-25 00:00:00+00:00,0.0012317960947767492
2019-02-26 00:00:00+00:00,-0.0007903837831845228
2019-02-27 00:00:00+00:00,-0.0005440423780378456
2019-02-28 00:00:00+00:00,-0.0028255466662847617
2019-03-01 00:00:00+00:00,0.0068953381050032014
2019-03-04 00:00:00+00:00,-0.0038806002090102654
2019-03-05 00:00:00+00:00,-0.0011314768996100177
2019-03-06 00:00:00+00:00,-0.0065241159285216455
2019-03-07 00:00:00+00:00,-0.008125710368218741
2019-03-08 00:00:00+00:00,-0.0021317385309919112
2019-03-11 00:00:00+00:00,0.014666049353461608
2019-03-12 00:00:00+00:00,0.0029533287823806376
2019-03-13 00:00:00+00:00,0.006949618845646821
2019-03-14 00:00:00+00:00,-0.0008680432029370966
2019-03-15 00:00:00+00:00,0.004984902865607044
2019-03-18 00:00:00+00:00,0.0037059607153993035
2019-03-19 00:00:00+00:00,-0.0001306063665308388
2019-03-20 00:00:00+00:00,-0.0029443226469249018
2019-03-21 00:00:00+00:00,0.010852515552911779
2019-03-22 00:00:00+00:00,-0.018974527826038257
2019-03-25 00:00:00+00:00,-0.0008390729493592541
2019-03-26 00:00:00+00:00,0.007182778484540853
2019-03-27 00:00:00+00:00,-0.004644380264399728
2019-03-28 00:00:00+00:00,0.0035895443381801506
2019-03-29 00:00:00+00:00,0.006734293751598397
2019-04-01 00:00:00+00:00,0.01156858594411525
2019-04-02 00:00:00+00:00,1.7438676892522764e-05
2019-04-03 00:00:00+00:00,0.0021484075277968806
2019-04-04 00:00:00+00:00,0.0020846384074615365
2019-04-05 00:00:00+00:00,0.004636398681665099
2019-04-08 00:00:00+00:00,0.0010474498226595852
2019-04-09 00:00:00+00:00,-0.0060674708281390766
2019-04-10 00:00:00+00:00,0.0034778681120144483
2019-04-11 00:00:00+00:00,3.808587325715429e-05
2019-04-12 00:00:00+00:00,0.006609378462220095
2019-04-15 00:00:00+00:00,-0.0006294261903205811
2019-04-16 00:00:00+00:00,0.000509364739569973
2019-04-17 00:00:00+00:00,-0.002273774879087531
2019-04-18 00:00:00+00:00,0.0015790653174507785
2019-04-19 00:00:00+00:00,0.0
2019-04-22 00:00:00+00:00,0.001012037741434657
2019-04-23 00:00:00+00:00,0.008841219132246891
2019-04-24 00:00:00+00:00,-0.0021917864252406494
2019-04-25 00:00:00+00:00,-0.00036894696387390624
2019-04-26 00:00:00+00:00,0.004685305365033532
2019-04-29 00:00:00+00:00,0.0010714723049920494
2019-04-30 00:00:00+00:00,0.0009514004274504551
2019-05-01 00:00:00+00:00,-0.007502130129708795
2019-05-02 00:00:00+00:00,-0.0021239991380873624
2019-05-03 00:00:00+00:00,0.00963832295922562
2019-05-06 00:00:00+00:00,-0.004471014787957861
2019-05-07 00:00:00+00:00,-0.016511677868827124
2019-05-08 00:00:00+00:00,-0.0016053813214057522
2019-05-09 00:00:00+00:00,-0.0030214418181440106
2019-05-10 00:00:00+00:00,0.0037203210344445292
2019-05-13 00:00:00+00:00,-0.024130630943291487
2019-05-14 00:00:00+00:00,0.008016017810211773
2019-05-15 00:00:00+00:00,0.00583895766667486
2019-05-16 00:00:00+00:00,0.008895249319527565
2019-05-17 00:00:00+00:00,-0.005837319908772343
2019-05-20 00:00:00+00:00,-0.006749360908960611
2019-05-21 00:00:00+00:00,0.008495790833841
2019-05-22 00:00:00+00:00,-0.002824365652362215
2019-05-23 00:00:00+00:00,-0.011914139769699683
2019-05-24 00:00:00+00:00,0.001353534780883292
2019-05-27 00:00:00+00:00,0.0
2019-05-28 00:00:00+00:00,-0.008375618352052028
2019-05-29 00:00:00+00:00,-0.0069119572935958384
2019-05-30 00:00:00+00:00,0.0020984398243635294
2019-05-31 00:00:00+00:00,-0.013195355808466647
2019-06-03 00:00:00+00:00,-0.0027652013400870645
2019-06-04 00:00:00+00:00,0.021432345278653342
2019-06-05 00:00:00+00:00,0.008161896642135735
2019-06-06 00:00:00+00:00,0.006135555437609463
2019-06-07 00:00:00+00:00,0.010497663083042452
2019-06-10 00:00:00+00:00,0.0046600819951694294
2019-06-11 00:00:00+00:00,-0.00034987685027698667
2019-06-12 00:00:00+00:00,-0.002037619727485618
2019-06-13 00:00:00+00:00,0.004097449858325275
2019-06-14 00:00:00+00:00,-0.0016115422390061696
2019-06-17 00:00:00+00:00,0.0009317695307899942
2019-06-18 00:00:00+00:00,0.009717372571954597
2019-06-19 00:00:00+00:00,0.002985176934281464
2019-06-20 00:00:00+00:00,0.009472195075278522
2019-06-21 00:00:00+00:00,-0.0012592326804730103
2019-06-24 00:00:00+00:00,-0.001731933325650914
2019-06-25 00:00:00+00:00,-0.009496324715228988
2019-06-26 00:00:00+00:00,-0.0012339839170762978
2019-06-27 00:00:00+00:00,0.003823212459416858
2019-06-28 00:00:00+00:00,0.005757422425228809
2019-07-01 00:00:00+00:00,0.007672277820080398
2019-07-02 00:00:00+00:00,0.0029281490252435205
2019-07-03 00:00:00+00:00,0.007672358989710748
2019-07-04 00:00:00+00:00,0.0
2019-07-05 00:00:00+00:00,-0.0018058494836139527
2019-07-08 00:00:00+00:00,-0.004835457345313876
2019-07-09 00:00:00+00:00,0.0012365799156572876
2019-07-10 00:00:00+00:00,0.004510627158405667
2019-07-11 00:00:00+00:00,0.002285278994477169
2019-07-12 00:00:00+00:00,0.004620138604158219
2019-07-15 00:00:00+00:00,0.00017585947169163063
2019-07-16 00:00:00+00:00,-0.0034037753375577573
2019-07-17 00:00:00+00:00,-0.006531204644412147
2019-07-18 00:00:00+00:00,0.0035819355184592006
2019-07-19 00:00:00+00:00,-0.0061767347442999165
2019-07-22 00:00:00+00:00,0.0028287212634507952
2019-07-23 00:00:00+00:00,0.006847502370160408
2019-07-24 00:00:00+00:00,0.00468811866363672
2019-07-25 00:00:00+00:00,-0.00526235610486292
2019-07-26 00:00:00+00:00,0.007387629133693174
2019-07-29 00:00:00+00:00,-0.00161606948107329
2019-07-30 00:00:00+00:00,-0.002578641959370631
2019-07-31 00:00:00+00:00,-0.010885509660889747
2019-08-01 00:00:00+00:00,-0.008998852495319398
2019-08-02 00:00:00+00:00,-0.0072827367651240316
2019-08-05 00:00:00+00:00,-0.02977780051499812
2019-08-06 00:00:00+00:00,0.013017006826634425
2019-08-07 00:00:00+00:00,0.0007668897934256513
2019-08-08 00:00:00+00:00,0.01876226603513209
2019-08-09 00:00:00+00:00,-0.006616543400644659
2019-08-12 00:00:00+00:00,-0.011957583129186489
2019-08-13 00:00:00+00:00,0.014762028608582556
2019-08-14 00:00:00+00:00,-0.02929276360753441
2019-08-15 00:00:00+00:00,0.002464268112370549
2019-08-16 00:00:00+00:00,0.014426183452732166
2019-08-19 00:00:00+00:00,0.012105875347909967
2019-08-20 00:00:00+00:00,-0.007914764079147596
2019-08-21 00:00:00+00:00,0.008246825558263726
2019-08-22 00:00:00+00:00,-0.0005060815269983809
2019-08-23 00:00:00+00:00,-0.025946389777450785
2019-08-26 00:00:00+00:00,0.010983067039910699
2019-08-27 00:00:00+00:00,-0.0032031906836484936
2019-08-28 00:00:00+00:00,0.006545469754213773
2019-08-29 00:00:00+00:00,0.012687244194824032
2019-08-30 00:00:00+00:00,0.0006428273461489553
2019-09-02 00:00:00+00:00,0.0
2019-09-03 00:00:00+00:00,-0.006899120439028739
2019-09-04 00:00:00+00:00,0.010842075925499017
2019-09-05 00:00:00+00:00,0.013009823744460025
2019-09-06 00:00:00+00:00,0.0009106182795699524
2019-09-09 00:00:00+00:00,-9.400042300200528e-05
2019-09-10 00:00:00+00:00,0.00032231746255573235
2019-09-11 00:00:00+00:00,0.0072296678179091245
2019-09-12 00:00:00+00:00,0.0028791074766822966
2019-09-13 00:00:00+00:00,-0.0007243559711188619
2019-09-16 00:00:00+00:00,-0.0031356092824674775
2019-09-17 00:00:00+00:00,0.002581755593803692
2019-09-18 00:00:00+00:00,0.0003426822370828919
2019-09-19 00:00:00+00:00,1.9955233758972568e-05
2019-09-20 00:00:00+00:00,-0.004895586322955614
2019-09-23 00:00:00+00:00,-9.69228661094057e-05
2019-09-24 00:00:00+00:00,-0.00841639425358831
2019-09-25 00:00:00+00:00,0.006158565361019441
2019-09-26 00:00:00+00:00,-0.0024289165022262083
2019-09-27 00:00:00+00:00,-0.005316326462073695
2019-09-30 00:00:00+00:00,0.005047623227845355
2019-10-01 00:00:00+00:00,-0.012258376613342059
2019-10-02 00:00:00+00:00,-0.01790323952044892
2019-10-03 00:00:00+00:00,0.007971990677411389
2019-10-04 00:00:00+00:00,0.014216853396000317
2019-10-07 00:00:00+00:00,-0.004478304612789308
2019-10-08 00:00:00+00:00,-0.015560826054260457
2019-10-09 00:00:00+00:00,0.009104546742895181
2019-10-10 00:00:00+00:00,0.00641570185654583
2019-10-11 00:00:00+00:00,0.010938930544257763
2019-10-14 00:00:00+00:00,-0.001387079289088211
2019-10-15 00:00:00+00:00,0.009955666436289423
2019-10-16 00:00:00+00:00,-0.0019995460129251796
2019-10-17 00:00:00+00:00,0.002762828253096483
2019-10-18 00:00:00+00:00,-0.003919344885671916
2019-10-21 00:00:00+00:00,0.006871609403255041
2019-10-22 00:00:00+00:00,-0.0035686728395061262
2019-10-23 00:00:00+00:00,0.002847139009142241
2019-10-24 00:00:00+00:00,0.001920439870594981
2019-10-25 00:00:00+00:00,0.004072697314876805
2019-10-28 00:00:00+00:00,0.00558137996062924
2019-10-29 00:00:00+00:00,-0.0008323956544341593
2019-10-30 00:00:00+00:00,0.0032533282404039188
2019-10-31 00:00:00+00:00,-0.0030228734036372717
2019-11-01 00:00:00+00:00,0.009662360578885698
2019-11-04 00:00:00+00:00,0.00370405391746087
2019-11-05 00:00:00+00:00,-0.001185730946278274
2019-11-06 00:00:00+00:00,0.0007025258405917167
2019-11-07 00:00:00+00:00,0.0027301269509030224
2019-11-08 00:00:00+00:00,0.002560628553277322
2019-11-11 00:00:00+00:00,-0.001962445200253349
2019-11-12 00:00:00+00:00,0.001564620781921544
2019-11-13 00:00:00+00:00,0.0007115504036430131
2019-11-14 00:00:00+00:00,0.0008370932502488326
2019-11-15 00:00:00+00:00,0.007695462486638771
2019-11-18 00:00:00+00:00,0.0005031309486422941
2019-11-19 00:00:00+00:00,-0.000592563172038818
2019-11-20 00:00:00+00:00,-0.0037561935529359936
2019-11-21 00:00:00+00:00,-0.0015827773238195064
2019-11-22 00:00:00+00:00,0.0021749357185665286
2019-11-25 00:00:00+00:00,0.007507338543994324
2019-11-26 00:00:00+00:00,0.0021955297992111156
2019-11-27 00:00:00+00:00,0.00417446792250975
2019-11-28 00:00:00+00:00,0.0
2019-11-29 00:00:00+00:00,-0.004011250527170329
2019-12-02 00:00:00+00:00,-0.008631064190157245
2019-12-03 00:00:00+00:00,-0.006638042050567283
2019-12-04 00:00:00+00:00,0.006323548428811776
2019-12-05 00:00:00+00:00,0.001500276282141666
2019-12-06 00:00:00+00:00,0.009135730393304842
2019-12-09 00:00:00+00:00,-0.00316283682622831
2019-12-10 00:00:00+00:00,-0.0010969527672547441
2019-12-11 00:00:00+00:00,0.0029082017034209873
2019-12-12 00:00:00+00:00,0.008575166394515055
2019-12-13 00:00:00+00:00,7.258794976916505e-05
2019-12-16 00:00:00+00:00,0.007147816208028068
2019-12-17 00:00:00+00:00,0.00033527080167328194
2019-12-18 00:00:00+00:00,-0.000432260408705365
2019-12-19 00:00:00+00:00,0.004459221469443442
2019-12-20 00:00:00+00:00,0.0049448269622538454
2019-12-23 00:00:00+00:00,0.0008661314657181229
2019-12-24 00:00:00+00:00,-0.0001954088231737039
2019-12-25 00:00:00+00:00,0.0
2019-12-26 00:00:00+00:00,0.005128157399996169
2019-12-27 00:00:00+00:00,3.395156038288327e-05
2019-12-30 00:00:00+00:00,-0.005780828513404224
2019-12-31 00:00:00+00:00,0.002946024729223451
2020-01-01 00:00:00+00:00,0.0
2020-01-02 00:00:00+00:00,0.008378781594537532
2020-01-03 00:00:00+00:00,-0.007059870773669763
2020-01-06 00:00:00+00:00,0.0035333941295578875
2020-01-07 00:00:00+00:00,-0.0028032085956850583
2020-01-08 00:00:00+00:00,0.0049024150649641385
2020-01-09 00:00:00+00:00,0.006655292725288531
2020-01-10 00:00:00+00:00,-0.0028552233792408233
2020-01-13 00:00:00+00:00,0.006976281256220629
2020-01-14 00:00:00+00:00,-0.0015145386587512855
2020-01-15 00:00:00+00:00,0.001870155186330269
2020-01-16 00:00:00+00:00,0.00836654718799501
2020-01-17 00:00:00+00:00,0.003862144651035182
2020-01-20 00:00:00+00:00,0.0
2020-01-21 00:00:00+00:00,-0.002651954277064661
2020-01-22 00:00:00+00:00,0.0002890878375325645
2020-01-23 00:00:00+00:00,0.0011409648528637462
2020-01-24 00:00:00+00:00,-0.009042140524546438
2020-01-27 00:00:00+00:00,-0.015730684849202037
2020-01-28 00:00:00+00:00,0.010053551114029613
2020-01-29 00:00:00+00:00,-0.0008668473616095795
2020-01-30 00:00:00+00:00,0.003134355715769477
2020-01-31 00:00:00+00:00,-0.017705852615678808
2020-02-03 00:00:00+00:00,0.0072546442124061805
2020-02-04 00:00:00+00:00,0.014980362705145023
2020-02-05 00:00:00+00:00,0.011250640619361318
2020-02-06 00:00:00+00:00,0.0033256464618900416
2020-02-07 00:00:00+00:00,-0.005400833288500828
2020-02-10 00:00:00+00:00,0.007326359568592178
2020-02-11 00:00:00+00:00,0.0016884988171557147
2020-02-12 00:00:00+00:00,0.0064626610081155444
2020-02-13 00:00:00+00:00,-0.0016304428235363044
2020-02-14 00:00:00+00:00,0.0018435419717006685
2020-02-17 00:00:00+00:00,0.0
2020-02-18 00:00:00+00:00,-0.0029199801192842934
2020-02-19 00:00:00+00:00,0.004705826501577137
2020-02-20 00:00:00+00:00,-0.0038155427255142094
2020-02-21 00:00:00+00:00,-0.010518108756295885
2020-02-24 00:00:00+00:00,-0.0335135944873044
2020-02-25 00:00:00+00:00,-0.030280015747592093
2020-02-26 00:00:00+00:00,-0.003778518705585654
2020-02-27 00:00:00+00:00,-0.044163278665378725
2020-02-28 00:00:00+00:00,-0.008238327357692588
2020-03-02 00:00:00+00:00,0.04603922524388837
2020-03-03 00:00:00+00:00,-0.028107940185681968
2020-03-04 00:00:00+00:00,0.042202592421180185
2020-03-05 00:00:00+00:00,-0.03392202215889484
2020-03-06 00:00:00+00:00,-0.017053909799797706
2020-03-09 00:00:00+00:00,-0.07596968075979771
2020-03-10 00:00:00+00:00,0.04939633578003022
2020-03-11 00:00:00+00:00,-0.048868410917935035
2020-03-12 00:00:00+00:00,-0.09511268047479748
2020-03-13 00:00:00+00:00,0.0928711945304439
2020-03-16 00:00:00+00:00,-0.11984050283657066
2020-03-17 00:00:00+00:00,0.05995482224354909
2020-03-18 00:00:00+00:00,-0.05183082330706679
2020-03-19 00:00:00+00:00,0.004707893749218206
2020-03-20 00:00:00+00:00,-0.043359522534749395
2020-03-23 00:00:00+00:00,-0.02929385835517062
2020-03-24 00:00:00+00:00,0.09382765710199337
2020-03-25 00:00:00+00:00,0.011535019797084933
2020-03-26 00:00:00+00:00,0.06241416083633622
2020-03-27 00:00:00+00:00,-0.0336873163071707
2020-03-30 00:00:00+00:00,0.03351603599491648
2020-03-31 00:00:00+00:00,-0.0160127919593398
2020-04-01 00:00:00+00:00,-0.04414239782712159
2020-04-02 00:00:00+00:00,0.022829386763812964
2020-04-03 00:00:00+00:00,-0.015137124539950086
2020-04-06 00:00:00+00:00,0.07033130412070787
2020-04-07 00:00:00+00:00,-0.0016030454108602044
2020-04-08 00:00:00+00:00,0.03405642604938697
2020-04-09 00:00:00+00:00,0.01448737809002254
2020-04-10 00:00:00+00:00,0.0
2020-04-13 00:00:00+00:00,-0.010104594561656355
2020-04-14 00:00:00+00:00,0.030572524197665762
2020-04-15 00:00:00+00:00,-0.022030456139364496
2020-04-16 00:00:00+00:00,0.005816710738100639
2020-04-17 00:00:00+00:00,0.026793591827257934
2020-04-20 00:00:00+00:00,-0.017880997439608137
2020-04-21 00:00:00+00:00,-0.030674846625766805
2020-04-22 00:00:00+00:00,0.02293024819481393
2020-04-23 00:00:00+00:00,-0.000539418642451106
2020-04-24 00:00:00+00:00,0.01391807849024218
2020-04-27 00:00:00+00:00,0.014714073196697708
2020-04-28 00:00:00+00:00,-0.005242350129234907
2020-04-29 00:00:00+00:00,0.026583874358714787
2020-04-30 00:00:00+00:00,-0.009212419757034462
2020-05-01 00:00:00+00:00,-0.028059043479156554
2020-05-04 00:00:00+00:00,0.004249817183674676
2020-05-05 00:00:00+00:00,0.009040573531170715
2020-05-06 00:00:00+00:00,-0.006979403438802989
2020-05-07 00:00:00+00:00,0.011504623615899323
2020-05-08 00:00:00+00:00,0.016871501011734846
2020-05-11 00:00:00+00:00,0.0001774865178509888
2020-05-12 00:00:00+00:00,-0.02054383139042848
2020-05-13 00:00:00+00:00,-0.017462684487059787
2020-05-14 00:00:00+00:00,0.01152482269503552
2020-05-15 00:00:00+00:00,0.003926380368098004
2020-05-18 00:00:00+00:00,0.03150120473513285
2020-05-19 00:00:00+00:00,-0.010484408800538914
2020-05-20 00:00:00+00:00,0.01665104312780974
2020-05-21 00:00:00+00:00,-0.007773563825670182
2020-05-22 00:00:00+00:00,0.002353731206609311
2020-05-25 00:00:00+00:00,0.0
2020-05-26 00:00:00+00:00,0.012289160703107926
2020-05-27 00:00:00+00:00,0.014827343010993532
2020-05-28 00:00:00+00:00,-0.0021079466294262605
2020-05-29 00:00:00+00:00,0.004812310007822562
2020-06-01 00:00:00+00:00,0.0037512605483673855
2020-06-02 00:00:00+00:00,0.00821080396500995
2020-06-03 00:00:00+00:00,0.013648963587616247
2020-06-04 00:00:00+00:00,-0.0033686961032639573
2020-06-05 00:00:00+00:00,0.02621170498176606
2020-06-08 00:00:00+00:00,0.012041591393674889
2020-06-09 00:00:00+00:00,-0.007799182648133396
2020-06-10 00:00:00+00:00,-0.0053130787794885
2020-06-11 00:00:00+00:00,-0.058944121574601716
2020-06-12 00:00:00+00:00,0.013060857399820103
2020-06-15 00:00:00+00:00,0.008312207568449193
2020-06-16 00:00:00+00:00,0.018962430582503575
2020-06-17 00:00:00+00:00,-0.0036002995449221364
2020-06-18 00:00:00+00:00,0.000594188515139038
2020-06-19 00:00:00+00:00,-0.005649463621948292
2020-06-22 00:00:00+00:00,0.006495057687217143
2020-06-23 00:00:00+00:00,0.004307441642665166
2020-06-24 00:00:00+00:00,-0.025855158736495243
2020-06-25 00:00:00+00:00,0.01095946995898811
2020-06-26 00:00:00+00:00,-0.024226917788673585
2020-06-29 00:00:00+00:00,0.01468569814393228
2020-06-30 00:00:00+00:00,0.015409859690034278
2020-07-01 00:00:00+00:00,0.005022110834792981
2020-07-02 00:00:00+00:00,0.004541282342595654
2020-07-03 00:00:00+00:00,0.0
2020-07-06 00:00:00+00:00,0.0158817383970018
2020-07-07 00:00:00+00:00,-0.010818562640735552
2020-07-08 00:00:00+00:00,0.007827502448081614
2020-07-09 00:00:00+00:00,-0.005643639942711776
2020-07-10 00:00:00+00:00,0.01046620453355751
2020-07-13 00:00:00+00:00,-0.009362519779971379
2020-07-14 00:00:00+00:00,0.013406355182839835
2020-07-15 00:00:00+00:00,0.00908203857989931
2020-07-16 00:00:00+00:00,-0.0034061043340275488
2020-07-17 00:00:00+00:00,0.00284863958800452
2020-07-20 00:00:00+00:00,0.008406905384326757
2020-07-21 00:00:00+00:00,0.0016790493997245193
2020-07-22 00:00:00+00:00,0.005747091149111094
2020-07-23 00:00:00+00:00,-0.012319827107282633
2020-07-24 00:00:00+00:00,-0.0061903908321639944
2020-07-27 00:00:00+00:00,0.007395129414764723
2020-07-28 00:00:00+00:00,-0.006473401020556158
2020-07-29 00:00:00+00:00,0.012428381451883519
2020-07-30 00:00:00+00:00,-0.0037502608610255894
2020-07-31 00:00:00+00:00,0.007670459796317086
2020-08-03 00:00:00+00:00,0.007181026681992719
2020-08-04 00:00:00+00:00,0.0036119601409574376
2020-08-05 00:00:00+00:00,0.0064297401187354275
2020-08-06 00:00:00+00:00,0.006427727877827971
2020-08-07 00:00:00+00:00,0.0006329945419150107
2020-08-10 00:00:00+00:00,0.0027422358024395965
2020-08-11 00:00:00+00:00,-0.007969123366671882
2020-08-12 00:00:00+00:00,0.013996502374245878
2020-08-13 00:00:00+00:00,-0.0020471252976762555
2020-08-14 00:00:00+00:00,-0.00017193183199293305
2020-08-17 00:00:00+00:00,0.0027098744385312123
2020-08-18 00:00:00+00:00,0.0023033775972136628
2020-08-19 00:00:00+00:00,-0.004404415625792857
2020-08-20 00:00:00+00:00,0.0031586589033587575
2020-08-21 00:00:00+00:00,0.0034411358997610275
2020-08-24 00:00:00+00:00,0.01004368354743379
2020-08-25 00:00:00+00:00,0.003596325569466652
2020-08-26 00:00:00+00:00,0.010195666188487662
2020-08-27 00:00:00+00:00,0.0016730243508407128
2020-08-28 00:00:00+00:00,0.006732576659826961
2020-08-31 00:00:00+00:00,-0.0021949766391772263
2020-09-01 00:00:00+00:00,0.00752504778148233
2020-09-02 00:00:00+00:00,0.015365857116526938
2020-09-03 00:00:00+00:00,-0.03512583639592948
2020-09-04 00:00:00+00:00,-0.008132999137496877
2020-09-07 00:00:00+00:00,0.0
2020-09-08 00:00:00+00:00,-0.027756378831384043
2020-09-09 00:00:00+00:00,0.020145024971186976
2020-09-10 00:00:00+00:00,-0.017584790641843373
2020-09-11 00:00:00+00:00,0.0005330634075928486
2020-09-14 00:00:00+00:00,0.01274180851668838
2020-09-15 00:00:00+00:00,0.005219385613883576
2020-09-16 00:00:00+00:00,-0.004618958014818264
2020-09-17 00:00:00+00:00,-0.00841237162124231
2020-09-18 00:00:00+00:00,-0.01118257020384228
2020-09-21 00:00:00+00:00,-0.011571124305988612
2020-09-22 00:00:00+00:00,0.010517942372282096
2020-09-23 00:00:00+00:00,-0.02372141140135786
2020-09-24 00:00:00+00:00,0.002987407782707008
2020-09-25 00:00:00+00:00,0.015976763311659203
2020-09-28 00:00:00+00:00,0.016110548559024496
2020-09-29 00:00:00+00:00,-0.004812626805108078
2020-09-30 00:00:00+00:00,0.008253709372292528
2020-10-01 00:00:00+00:00,0.005292893250074426
2020-10-02 00:00:00+00:00,-0.009571699006152401
2020-10-05 00:00:00+00:00,0.01797553487594228
2020-10-06 00:00:00+00:00,-0.013988024514247743
2020-10-07 00:00:00+00:00,0.01740579300495404
2020-10-08 00:00:00+00:00,0.008007135650470065
2020-10-09 00:00:00+00:00,0.008790685934612519
2020-10-12 00:00:00+00:00,0.016418713134107588
2020-10-13 00:00:00+00:00,-0.006306907889152336
2020-10-14 00:00:00+00:00,-0.006623138843883547
2020-10-15 00:00:00+00:00,-0.0015278028589691406
2020-10-16 00:00:00+00:00,0.00013492797142955482
2020-10-19 00:00:00+00:00,-0.016329822808936134
2020-10-20 00:00:00+00:00,0.0047272769717412455
2020-10-21 00:00:00+00:00,-0.002195682985199454
2020-10-22 00:00:00+00:00,0.005218945382994278
2020-10-23 00:00:00+00:00,0.0034457896215134287
2020-10-26 00:00:00+00:00,-0.01858953826264864
2020-10-27 00:00:00+00:00,-0.0030256074002417144
2020-10-28 00:00:00+00:00,-0.03528790685054317
2020-10-29 00:00:00+00:00,0.011947307117329942
2020-10-30 00:00:00+00:00,-0.012129506270184387
2020-11-02 00:00:00+00:00,0.01231819349472163
2020-11-03 00:00:00+00:00,0.017799313644932147
2020-11-04 00:00:00+00:00,0.022047038430944355
2020-11-05 00:00:00+00:00,0.019460190971818836
2020-11-06 00:00:00+00:00,-0.00028771240154390476
2020-11-09 00:00:00+00:00,0.011699872344305584
2020-11-10 00:00:00+00:00,-0.001399802844669673
2020-11-11 00:00:00+00:00,0.007651888434169196
2020-11-12 00:00:00+00:00,-0.009978559392721298
2020-11-13 00:00:00+00:00,0.013610365817456005
2020-11-16 00:00:00+00:00,0.011648048198820149
2020-11-17 00:00:00+00:00,-0.004791957892531062
2020-11-18 00:00:00+00:00,-0.01156383241031389
2020-11-19 00:00:00+00:00,0.003946420613320845
2020-11-20 00:00:00+00:00,-0.0067925413261787915
2020-11-23 00:00:00+00:00,0.00563591695385024
2020-11-24 00:00:00+00:00,0.016161717804443754
2020-11-25 00:00:00+00:00,-0.0015844155129681736
2020-11-26 00:00:00+00:00,0.0
2020-11-27 00:00:00+00:00,0.0023969253233782073
2020-11-30 00:00:00+00:00,-0.0045954897137437944
2020-12-01 00:00:00+00:00,0.011271167954760575
2020-12-02 00:00:00+00:00,0.0017911507324332998
2020-12-03 00:00:00+00:00,-0.0006241465681479097
2020-12-04 00:00:00+00:00,0.008836235109307422
2020-12-07 00:00:00+00:00,-0.0019355954929820562
2020-12-08 00:00:00+00:00,0.002787137455443789
2020-12-09 00:00:00+00:00,-0.007949220068876994
2020-12-10 00:00:00+00:00,-0.0012851160688518437
2020-12-11 00:00:00+00:00,-0.001264960061067022
2020-12-14 00:00:00+00:00,-0.004359266922526861
2020-12-15 00:00:00+00:00,0.012921214314501217
2020-12-16 00:00:00+00:00,0.0017728480872187813
2020-12-17 00:00:00+00:00,0.005757638800703457
2020-12-18 00:00:00+00:00,-0.0035111001267972286
2020-12-21 00:00:00+00:00,-0.003906281591951277
2020-12-22 00:00:00+00:00,-0.0020731166033364223
2020-12-23 00:00:00+00:00,0.0007458112528002658
2020-12-24 00:00:00+00:00,0.0035365757816374632
2020-12-25 00:00:00+00:00,0.0
2020-12-28 00:00:00+00:00,0.008722515973276224
2020-12-29 00:00:00+00:00,-0.0022273622890431888
2020-12-30 00:00:00+00:00,0.0013415471795312772
2020-12-31 00:00:00+00:00,0.00643883774021714
2021-01-01 00:00:00+00:00,0.0
2021-01-04 00:00:00+00:00,-0.01475478359029514
2021-01-05 00:00:00+00:00,0.007082539553862066
2021-01-06 00:00:00+00:00,0.005709900559720538
2021-01-07 00:00:00+00:00,0.01484736429268918
2021-01-08 00:00:00+00:00,0.005491890982414871
2021-01-11 00:00:00+00:00,-0.006554796741165214
2021-01-12 00:00:00+00:00,0.0004158321511944507
2021-01-13 00:00:00+00:00,0.0022756031663768717
2021-01-14 00:00:00+00:00,-0.003753438464607517
2021-01-15 00:00:00+00:00,-0.00719001775768402
2021-01-18 00:00:00+00:00,0.0
2021-01-19 00:00:00+00:00,0.008136402839514334
2021-01-20 00:00:00+00:00,0.013935576257400273
2021-01-21 00:00:00+00:00,0.0003167309215053038
2021-01-22 00:00:00+00:00,-0.0030105863636010755
2021-01-25 00:00:00+00:00,0.003615803325289546
2021-01-26 00:00:00+00:00,-0.0014888363213811928
2021-01-27 00:00:00+00:00,-0.025677859113367063
2021-01-28 00:00:00+00:00,0.009760662477304782
2021-01-29 00:00:00+00:00,-0.019311502938707092
2021-02-01 00:00:00+00:00,0.01605173602136656
2021-02-02 00:00:00+00:00,0.013898236818535858
2021-02-03 00:00:00+00:00,0.001008804827627774
2021-02-04 00:00:00+00:00,0.01085330416143404
2021-02-05 00:00:00+00:00,0.003897472454245321
2021-02-08 00:00:00+00:00,0.007399345996609075
2021-02-09 00:00:00+00:00,-0.0011134975827398197
2021-02-10 00:00:00+00:00,-0.0003451599624669788
2021-02-11 00:00:00+00:00,0.0016624551137118804
2021-02-12 00:00:00+00:00,0.004710983101741784
2021-02-15 00:00:00+00:00,0.0
2021-02-16 00:00:00+00:00,-0.0005692749114954987
2021-02-17 00:00:00+00:00,-0.0003203995331321208
2021-02-18 00:00:00+00:00,-0.004415808390544673
2021-02-19 00:00:00+00:00,-0.0018548941356217874
2021-02-22 00:00:00+00:00,-0.007732849379657014
2021-02-23 00:00:00+00:00,0.0012562878885591378
2021-02-24 00:00:00+00:00,0.01135166191319037
2021-02-25 00:00:00+00:00,-0.024478846903396523
2021-02-26 00:00:00+00:00,-0.004750165824920272
2021-03-01 00:00:00+00:00,0.023790719336683086
2021-03-02 00:00:00+00:00,-0.008080844323930969
2021-03-03 00:00:00+00:00,-0.01306620434127681
2021-03-04 00:00:00+00:00,-0.013417213827191521
2021-03-05 00:00:00+00:00,0.019495975820425837
2021-03-08 00:00:00+00:00,-0.005359271617984662
2021-03-09 00:00:00+00:00,0.014154683554241432
2021-03-10 00:00:00+00:00,0.006030283013025661
2021-03-11 00:00:00+00:00,0.010395479646353678
2021-03-12 00:00:00+00:00,0.0010153985185334946
2021-03-15 00:00:00+00:00,0.006491958593476621
2021-03-16 00:00:00+00:00,-0.0015696886322292825
2021-03-17 00:00:00+00:00,0.0028793426720601367
2021-03-18 00:00:00+00:00,-0.014760500437832724
2021-03-19 00:00:00+00:00,-0.0006027388863633076
2021-03-22 00:00:00+00:00,0.0070251207482558975
2021-03-23 00:00:00+00:00,-0.0076308370066411335
2021-03-24 00:00:00+00:00,-0.005467303581109473
2021-03-25 00:00:00+00:00,0.00524023305923671
2021-03-26 00:00:00+00:00,0.016631197691788335
2021-03-29 00:00:00+00:00,-0.0008680249789911887
2021-03-30 00:00:00+00:00,-0.003157823166939022
2021-03-31 00:00:00+00:00,0.003622538555784205
2021-04-01 00:00:00+00:00,0.011825144919693331
